ECO,29.20,41.00,190,1,123.90
ECO,29.10,40.00,192,1,131.40
ECO,29.70,40.00,192,1,124.10
ECO,29.20,40.00,194,1,132.30
ECO,29.70,40.00,195,1,130.60
ECO,29.40,40.00,190,1,128.70
ECO,29.80,40.00,193,1,131.50
ECO,29.30,41.00,186,1,124.30
ECO,29.40,40.00,179,1,125.80
ECO,29.50,40.00,184,1,125.40
ECO,29.80,40.00,193,1,131.90
ECO,29.90,40.00,180,1,123.00
ECO,29.80,40.00,189,1,123.50
ECO,29.90,40.00,179,0,126.00
ECO,29.60,40.00,182,0,126.90
ECO,29.20,40.00,176,0,132.90
ECO,29.80,40.00,184,0,123.80
ECO,29.90,40.00,182,0,125.60
ECO,29.50,40.00,176,0,131.40
ECO,29.10,40.00,182,0,123.10
ECO,29.00,40.00,181,0,0.00
ECO,29.60,40.00,182,0,122.40
ECO,29.30,40.00,177,0,133.50
ECO,29.70,40.00,190,0,126.60
ECO,29.10,40.00,193,0,125.10
ECO,29.70,41.00,190,0,128.10
ECO,29.50,40.00,193,0,119.80
ECO,29.80,40.00,157,0,120.60
ECO,29.90,40.00,154,0,119.50
ECO,29.00,40.00,157,0,0.00
ECO,29.50,40.00,160,0,125.60
ECO,29.90,40.00,159,0,124.60
ECO,29.00,40.00,142,0,0.20
ECO,29.10,40.00,163,0,0.00
ECO,29.90,40.00,210,0,0.00
ECO,29.00,40.00,215,0,0.00
NOAPTE,29.30,40.00,211,0,93.30
ECO,29.90,40.00,134,0,130.50
ECO,29.10,40.00,133,0,123.50
ECO,29.90,40.00,135,0,123.10
ECO,29.80,40.00,285,0,126.60
ECO,29.80,40.00,210,0,110.90
CONFORT,29.50,40.00,224,0,116.80
ECO,29.50,40.00,217,0,121.40
ECO,29.50,40.00,207,0,131.40
ECO,29.60,40.00,235,0,128.60
ECO,29.70,40.00,208,0,129.00
ECO,29.30,40.00,222,0,128.70
ECO,29.00,40.00,237,0,0.10
ECO,29.80,40.00,235,0,106.30
ECO,29.80,40.00,237,0,135.20
ECO,29.10,40.00,238,0,128.40
ECO,29.20,40.00,240,0,106.20
ECO,29.10,40.00,248,0,129.80
ECO,29.30,40.00,215,0,142.10
ECO,29.10,40.00,200,0,129.90
ECO,29.60,40.00,204,0,128.50
ECO,29.00,40.00,193,0,0.00
ECO,29.60,40.00,192,0,132.70
ECO,29.40,40.00,196,0,137.00
ECO,29.90,40.00,200,0,129.60
ECO,29.00,40.00,192,0,0.00
ECO,29.40,40.00,197,0,130.20
ECO,29.10,40.00,201,0,126.90
ECO,29.70,40.00,195,0,133.90
ECO,29.00,40.00,192,0,0.00
ECO,29.80,40.00,199,0,137.40
ECO,29.70,40.00,199,0,129.80
ECO,29.60,40.00,208,0,138.20
ECO,29.30,40.00,951,0,0.545
ECO,29.40,40.00,948,0,0.574
ECO,29.00,40.00,947,0,0.000
ECO,29.20,40.00,947,0,0.545
ECO,29.40,40.00,948,0,0.539
ECO,29.20,40.00,948,0,0.562
ECO,29.70,40.00,948,0,0.530
ECO,29.10,40.00,949,0,0.520
ECO,29.30,40.00,947,0,0.555
ECO,29.70,40.00,947,0,0.557
ECO,29.00,40.00,949,0,0.000
ECO,29.00,40.00,949,0,0.000
ECO,29.30,40.00,946,0,0.562
ECO,29.70,40.00,949,0,0.555
ECO,29.90,40.00,945,0,0.538
ECO,29.20,40.00,949,0,0.544
ECO,29.40,40.00,944,0,0.519
ECO,29.90,40.00,947,0,0.531
ECO,29.10,40.00,944,0,0.541
ECO,29.60,40.00,948,0,0.531
ECO,29.20,40.00,946,0,0.584
ECO,29.50,40.00,946,0,0.588
ECO,29.30,40.00,945,0,0.453
ECO,29.00,40.00,943,0,0.000
ECO,29.90,40.00,942,0,0.534
ECO,29.10,40.00,943,0,0.535
ECO,29.80,40.00,942,0,0.534
ECO,29.80,40.00,941,0,0.564
ECO,29.10,40.00,942,0,0.535
ECO,29.30,40.00,941,0,0.557
ECO,29.30,40.00,941,0,0.538
ECO,29.00,40.00,944,0,0.000
ECO,29.60,40.00,942,0,0.571
ECO,29.60,40.00,942,0,0.553
ECO,29.80,40.00,943,0,0.519
ECO,29.70,40.00,942,0,0.485
ECO,29.10,40.00,942,0,0.563
ECO,29.80,40.00,942,0,0.530
ECO,29.60,40.00,942,0,0.540
ECO,29.20,40.00,942,0,0.541
ECO,29.50,40.00,941,0,0.514
ECO,29.50,40.00,939,0,0.550
ECO,29.70,40.00,942,0,0.533
ECO,29.70,40.00,939,0,0.596
ECO,29.20,40.00,940,0,0.598
ECO,29.80,40.00,939,0,0.558
ECO,29.50,40.00,940,0,0.573
ECO,29.90,40.00,939,0,0.548
ECO,29.80,40.00,941,0,0.583
ECO,29.90,40.00,939,0,0.596
ECO,29.20,40.00,937,0,0.547
ECO,29.20,40.00,940,0,0.530
ECO,29.90,40.00,942,0,0.545
ECO,29.90,40.00,941,0,0.535
ECO,29.40,40.00,938,0,0.529
ECO,29.80,40.00,939,0,0.561
ECO,29.00,40.00,940,0,0.000
ECO,29.60,40.00,938,0,0.558
ECO,29.60,40.00,939,0,0.532
ECO,29.90,40.00,939,0,0.590
ECO,29.90,40.00,938,0,0.558
ECO,29.30,40.00,261,0,132.30
ECO,29.00,40.00,246,0,0.00
ECO,29.60,40.00,251,0,129.80
ECO,29.70,40.00,242,0,137.60
ECO,29.80,40.00,255,0,130.70
ECO,29.50,40.00,256,0,128.10
ECO,29.80,40.00,256,0,127.70
ECO,29.90,40.00,265,0,127.30
ECO,29.10,40.00,261,0,135.90
ECO,29.20,40.00,261,0,135.50
ECO,29.30,40.00,256,0,123.90
CONFORT,29.20,40.00,267,1,137.30
CONFORT,29.80,40.00,267,1,128.50
CONFORT,29.60,40.00,263,1,129.60
CONFORT,29.90,40.00,267,1,133.30
CONFORT,29.10,40.00,261,1,108.50
CONFORT,29.50,40.00,263,1,127.80
CONFORT,29.80,40.00,265,1,128.40
CONFORT,29.80,40.00,272,1,112.00
CONFORT,29.60,40.00,259,1,129.80
CONFORT,29.10,40.00,275,1,125.10
CONFORT,29.50,40.00,272,1,129.90
CONFORT,29.50,40.00,268,1,128.20
CONFORT,29.40,40.00,266,1,129.90
CONFORT,29.30,40.00,274,1,135.90
CONFORT,29.70,40.00,279,0,131.90
CONFORT,29.20,40.00,283,0,129.10
CONFORT,29.30,40.00,270,0,137.00
CONFORT,29.50,40.00,276,0,129.90
CONFORT,29.70,40.00,283,0,128.80
CONFORT,29.00,40.00,279,0,139.30
CONFORT,29.70,40.00,272,0,131.20
CONFORT,29.80,40.00,275,0,129.70
CONFORT,29.20,40.00,286,0,107.80
CONFORT,29.90,40.00,276,0,132.10
CONFORT,29.60,40.00,276,0,132.70
ECO,29.00,40.00,934,0,0.001
ECO,29.60,41.00,930,0,0.557
ECO,29.60,41.00,930,0,0.451
ECO,29.70,41.00,929,0,0.547
ECO,29.70,41.00,929,0,0.561
ECO,29.50,40.00,929,0,0.440
ECO,29.90,40.00,930,0,0.562
ECO,29.60,41.00,932,0,0.558
ECO,29.90,40.00,928,0,0.559
ECO,29.30,40.00,930,0,0.544
ECO,29.60,41.00,926,0,0.574
ECO,29.20,40.00,930,0,0.544
ECO,29.70,41.00,930,0,0.581
ECO,29.60,41.00,928,0,0.542
ECO,29.20,41.00,926,0,0.562
ECO,29.30,41.00,926,0,0.555
ECO,29.80,41.00,927,0,0.545
ECO,29.10,41.00,926,0,0.552
ECO,29.70,41.00,925,0,0.543
ECO,29.70,41.00,925,0,0.544
ECO,29.60,41.00,926,0,0.537
ECO,29.60,41.00,923,0,0.589
ECO,29.80,41.00,926,0,0.541
ECO,29.40,41.00,922,0,0.585
ECO,29.20,41.00,923,0,0.492
ECO,29.50,41.00,922,0,0.546
ECO,29.20,41.00,921,0,0.572
ECO,29.90,41.00,921,0,0.448
ECO,29.80,41.00,919,0,0.541
ECO,29.30,41.00,919,0,0.556
ECO,29.40,41.00,917,0,0.536
ECO,29.60,41.00,917,0,0.535
ECO,29.10,41.00,914,0,0.451
ECO,28.60,41.00,347,0,0.00
ECO,28.40,41.00,357,0,0.00
ECO,28.30,41.00,351,0,0.00
ECO,28.40,41.00,360,0,0.10
ECO,28.50,41.00,377,0,0.00
ECO,28.50,41.00,383,0,0.00
ECO,28.40,41.00,385,0,0.00
ECO,28.90,41.00,408,0,0.00
ECO,28.40,41.00,425,0,0.00
ECO,28.40,41.00,432,0,0.00
ECO,28.00,41.00,435,0,0.00
ECO,28.70,41.00,457,0,0.00
ECO,28.20,41.00,464,0,0.00
ECO,28.80,41.00,485,0,0.00
ECO,28.30,41.00,497,0,0.00
ECO,28.30,41.00,531,0,0.00
ECO,28.80,41.00,592,0,0.20
ECO,28.40,41.00,623,0,0.00
ECO,28.00,41.00,602,0,0.00
ECO,28.20,41.00,609,0,0.00
ECO,28.00,41.00,640,0,0.00
ECO,28.80,41.00,656,0,0.00
ECO,28.80,41.00,678,0,0.00
ECO,28.60,41.00,687,0,0.00
ECO,28.70,41.00,707,0,0.00
ECO,28.10,41.00,741,0,0.00
ECO,28.30,41.00,752,0,0.00
ECO,28.40,41.00,778,0,0.00
ECO,28.60,41.00,801,0,0.10
ECO,28.20,41.00,816,0,0.10
ECO,28.00,41.00,829,0,0.00
ECO,28.30,41.00,890,0,0.00
ECO,28.70,41.00,882,0,0.00
ECO,28.00,41.00,930,0,0.00
ECO,28.50,41.00,961,0,0.10
ECO,28.00,41.00,1008,0,0.00
ECO,28.40,41.00,1014,0,0.00
ECO,28.40,41.00,1019,0,0.00
ECO,28.20,41.00,1036,0,0.00
ECO,28.90,41.00,1123,0,0.00
ECO,28.00,41.00,1047,0,0.00
ECO,28.20,41.00,1074,0,0.00
ECO,28.40,41.00,1102,0,0.00
ECO,28.20,41.00,1121,0,0.00
ECO,28.50,41.00,1148,0,0.00
ECO,28.40,41.00,1147,0,0.00
ECO,28.10,41.00,1168,0,0.00
ECO,28.70,41.00,1186,0,0.00
ECO,28.00,41.00,1213,0,0.00
ECO,28.40,41.00,1232,0,0.00
CONFORT,28.00,41.00,1249,0,127.70
CONFORT,28.40,41.00,1277,0,124.00
CONFORT,28.50,41.00,1315,0,132.00
CONFORT,28.30,41.00,1329,0,131.60
CONFORT,28.90,41.00,1353,0,124.80
CONFORT,28.60,41.00,1373,0,106.10
CONFORT,28.00,41.00,1392,0,132.90
ECO,28.90,41.00,643,0,0.000
ECO,28.40,41.00,640,0,0.000
CONFORT,28.00,41.00,586,1,0.520
CONFORT,28.40,41.00,630,1,0.514
CONFORT,28.50,41.00,626,1,0.504
CONFORT,28.20,41.00,620,1,0.416
CONFORT,28.80,41.00,611,1,0.445
CONFORT,28.10,41.00,609,1,0.521
CONFORT,28.90,42.00,607,1,0.562
CONFORT,28.60,42.00,598,1,0.521
CONFORT,28.90,41.00,591,1,0.543
CONFORT,28.30,41.00,584,1,0.516
CONFORT,28.70,41.00,582,1,0.493
CONFORT,28.00,41.00,577,1,0.526
CONFORT,28.80,41.00,579,1,0.501
CONFORT,28.70,41.00,567,1,0.512
CONFORT,28.80,41.00,564,1,0.509
CONFORT,28.00,41.00,560,1,0.530
CONFORT,28.60,41.00,552,0,0.537
CONFORT,28.90,42.00,544,0,0.508
CONFORT,28.30,42.00,543,0,0.476
CONFORT,28.40,42.00,539,0,0.513
CONFORT,28.40,41.00,534,0,0.468
CONFORT,28.30,41.00,528,0,0.524
CONFORT,28.10,42.00,521,0,0.548
CONFORT,28.50,41.00,517,0,0.421
CONFORT,28.10,41.00,511,0,0.505
CONFORT,28.50,41.00,506,0,0.505
CONFORT,28.20,42.00,504,0,0.499
CONFORT,28.80,42.00,494,0,0.532
CONFORT,28.20,42.00,491,0,0.522
CONFORT,28.20,42.00,485,0,0.534
CONFORT,28.00,42.00,480,0,0.510
CONFORT,28.80,42.00,472,0,0.555
CONFORT,28.00,42.00,472,0,0.506
CONFORT,28.30,42.00,468,0,0.519
CONFORT,28.20,42.00,463,0,0.531
CONFORT,28.10,42.00,456,0,0.533
CONFORT,28.40,42.00,448,0,0.538
CONFORT,28.20,42.00,445,0,0.426
CONFORT,28.20,42.00,445,0,0.511
CONFORT,28.60,42.00,437,0,0.517
CONFORT,28.60,42.00,431,0,0.555
CONFORT,28.20,41.00,431,0,0.507
CONFORT,28.30,42.00,425,0,0.521
CONFORT,28.10,42.00,416,0,0.530
CONFORT,28.70,42.00,409,0,0.507
CONFORT,28.00,42.00,411,0,0.507
CONFORT,28.50,42.00,403,0,0.511
CONFORT,28.00,42.00,391,0,0.549
CONFORT,28.10,42.00,403,0,0.504
CONFORT,28.20,42.00,381,0,0.513
CONFORT,28.80,42.00,387,0,0.545
CONFORT,28.70,42.00,390,0,0.515
CONFORT,28.90,42.00,395,0,0.555
NOAPTE,28.20,42.00,369,1,0.505
ECO,28.00,42.00,376,1,0.000
ECO,28.80,42.00,384,1,0.000
ECO,28.60,42.00,389,1,0.001
ECO,28.50,42.00,390,1,0.000
ECO,28.10,42.00,381,1,0.000
ECO,28.90,42.00,376,1,0.000
ECO,28.70,42.00,368,1,0.000
ECO,28.70,42.00,364,1,0.000
ECO,28.70,42.00,358,1,0.000
ECO,28.40,42.00,356,1,0.000
ECO,28.40,42.00,353,1,0.000
ECO,28.60,42.00,344,1,0.000
ECO,28.10,42.00,347,1,0.000
ECO,28.60,42.00,337,1,0.000
ECO,28.30,42.00,286,0,0.000
ECO,28.60,42.00,280,0,0.000
ECO,28.20,42.00,257,0,0.001
ECO,28.00,42.00,257,0,0.000
ECO,28.20,42.00,252,0,0.000
ECO,28.70,42.00,246,0,0.000
ECO,28.70,42.00,241,0,0.000
ECO,28.70,42.00,235,0,0.000
ECO,28.80,42.00,235,0,0.000
ECO,28.70,42.00,228,0,0.000
ECO,28.30,42.00,221,0,0.000
ECO,28.80,42.00,224,0,0.000
ECO,28.40,42.00,217,0,0.000
CONFORT,28.90,42.00,242,0,0.506
CONFORT,28.50,42.00,240,1,0.546
CONFORT,28.00,42.00,236,1,0.411
NOAPTE,28.60,42.00,220,1,0.543
ECO,28.20,42.00,243,1,0.000
ECO,28.50,42.00,247,1,0.000
ECO,28.50,42.00,242,1,0.000
ECO,28.70,42.00,239,1,0.000
ECO,28.60,42.00,238,1,0.000
ECO,28.80,42.00,231,1,0.000
ECO,28.50,42.00,227,1,0.000
ECO,28.90,42.00,230,1,0.000
ECO,28.50,42.00,220,1,0.000
ECO,28.30,42.00,219,1,0.001
ECO,28.80,42.00,217,1,0.000
ECO,28.70,42.00,213,1,0.000
ECO,28.20,42.00,148,0,0.000
ECO,28.50,42.00,149,0,0.001
ECO,28.40,42.00,145,0,0.000
ECO,28.20,42.00,145,0,0.000
ECO,28.00,42.00,136,0,0.000
ECO,28.70,42.00,137,0,0.000
ECO,28.60,42.00,134,0,0.000
ECO,28.60,42.00,187,1,0.000
ECO,28.60,42.00,181,1,0.000
ECO,28.70,42.00,182,1,0.000
ECO,28.50,42.00,180,1,0.000
ECO,28.50,42.00,176,1,0.001
ECO,28.10,42.00,172,1,0.000
ECO,28.60,42.00,169,1,0.000
ECO,28.30,42.00,149,1,0.000
NOAPTE,28.90,42.00,137,1,0.441
NOAPTE,28.40,42.00,134,1,0.508
NOAPTE,28.70,42.00,127,1,0.507
NOAPTE,28.60,42.00,127,1,0.410
NOAPTE,28.00,42.00,133,1,0.563
NOAPTE,28.70,42.00,126,1,0.511
NOAPTE,28.70,42.00,80,0,0.516
NOAPTE,28.40,42.00,82,0,0.510
ECO,28.70,43.00,74,0,0.000
ECO,28.10,42.00,63,0,0.000
NOAPTE,28.20,42.00,66,1,0.540
NOAPTE,28.60,42.00,64,1,0.538
NOAPTE,28.00,42.00,62,1,0.503
ECO,28.40,43.00,131,1,0.000
ECO,28.10,43.00,127,1,0.000
ECO,28.20,43.00,117,1,0.000
ECO,28.20,43.00,117,1,0.000
CONFORT,28.10,43.00,90,1,0.527
CONFORT,28.50,43.00,89,1,0.548
CONFORT,28.30,43.00,78,1,0.425
NOAPTE,28.30,43.00,35,1,0.531
NOAPTE,28.60,43.00,34,1,0.523
ECO,28.00,43.00,49,1,0.000
ECO,28.90,43.00,29,0,0.001
ECO,28.70,43.00,104,1,0.000
CONFORT,28.20,43.00,78,1,0.602
ECO,28.60,43.00,87,1,0.000
ECO,26.40,47.00,0,1,0.000
ECO,26.00,47.00,0,1,0.000
ECO,26.20,47.00,0,1,0.000
ECO,26.50,47.00,0,1,0.000
ECO,26.10,47.00,0,1,0.000
ECO,26.50,47.00,0,1,0.000
ECO,26.60,47.00,0,1,0.000
ECO,26.50,47.00,0,1,0.000
ECO,27.10,47.00,0,1,0.000
ECO,27.10,47.00,0,0,0.000
ECO,27.10,47.00,0,0,0.000
ECO,27.70,47.00,0,0,0.000
CONFORT,27.10,47.00,0,1,0.542
CONFORT,27.50,47.00,0,1,0.538
CONFORT,27.90,47.00,0,1,0.543
CONFORT,27.90,47.00,0,1,0.540
CONFORT,27.90,47.00,0,1,0.535
CONFORT,27.70,47.00,0,1,0.572
CONFORT,27.00,47.00,0,1,0.540
CONFORT,27.20,47.00,0,1,0.547
CONFORT,27.20,47.00,0,1,0.533
CONFORT,27.50,47.00,0,1,0.430
CONFORT,27.60,47.00,0,1,0.562
NOAPTE,27.70,47.00,0,1,0.585
NOAPTE,27.70,47.00,0,1,0.555
NOAPTE,27.70,47.00,0,1,0.550
NOAPTE,27.50,47.00,0,1,0.000
NOAPTE,27.70,47.00,0,0,0.592
NOAPTE,27.20,47.00,0,0,0.000
NOAPTE,27.80,47.00,0,0,0.564
NOAPTE,27.40,47.00,0,0,0.000
NOAPTE,27.80,47.00,0,0,0.584
NOAPTE,27.30,47.00,0,0,0.000
NOAPTE,27.80,47.00,0,0,0.557
NOAPTE,27.30,47.00,0,0,0.000
NOAPTE,27.80,47.00,0,0,0.457
NOAPTE,27.10,47.00,0,0,0.000
ECO,27.70,47.00,0,0,0.000
ECO,27.20,47.00,0,0,0.000
ECO,27.00,47.00,1,1,0.000
ECO,27.60,47.00,4,1,0.000
ECO,27.70,47.00,4,1,0.000
ECO,27.50,47.00,0,1,0.001
ECO,27.00,47.00,0,1,0.000
ECO,27.50,47.00,4,1,0.000
ECO,27.00,47.00,1,1,0.000
ECO,27.50,47.00,0,1,0.000
ECO,27.60,47.00,0,1,0.000
ECO,27.10,47.00,4,1,0.000
ECO,27.10,47.00,1,1,0.001
ECO,27.80,47.00,0,1,0.000
ECO,27.50,47.00,0,1,0.000
ECO,27.20,47.00,0,0,0.001
ECO,27.40,47.00,0,0,0.000
ECO,27.20,47.00,0,0,0.000
ECO,27.10,47.00,0,0,0.001
ECO,27.00,47.00,0,1,0.000
CONFORT,27.60,47.00,0,1,0.000
CONFORT,27.90,47.00,0,1,0.000
CONFORT,27.90,47.00,0,1,0.000
ECO,27.50,47.00,0,1,0.000
ECO,27.10,47.00,0,1,0.000
ECO,27.10,47.00,0,1,0.000
ECO,27.20,47.00,0,1,0.000
ECO,27.20,47.00,0,1,0.000
ECO,27.30,47.00,0,1,0.000
ECO,27.00,47.00,0,1,0.000
ECO,27.20,47.00,0,1,0.000
ECO,27.20,47.00,0,1,0.000
ECO,27.50,47.00,0,1,0.000
CONFORT,27.10,47.00,0,1,0.000
CONFORT,27.00,47.00,0,1,0.000
NOAPTE,27.60,47.00,0,1,0.000
NOAPTE,27.70,47.00,0,1,0.000
NOAPTE,27.80,47.00,0,1,0.000
NOAPTE,27.30,47.00,0,1,0.000
NOAPTE,27.80,47.00,0,1,0.000
NOAPTE,27.10,47.00,0,1,0.000
ECO,27.90,47.00,0,1,0.000
ECO,27.30,47.00,1,1,0.000
NOAPTE,27.20,47.00,0,1,0.000
NOAPTE,27.40,47.00,0,1,0.000
NOAPTE,27.50,47.00,0,1,0.000
NOAPTE,27.10,47.00,0,1,0.000
ECO,27.00,47.00,0,1,0.000
ECO,27.00,47.00,0,1,0.000
ECO,27.90,47.00,0,1,0.000
ECO,27.00,47.00,521,1,0.000
ECO,27.70,47.00,0,1,0.000
ECO,27.20,47.00,0,1,0.000
ECO,27.60,47.00,0,1,0.000
ECO,27.20,47.00,0,1,0.001
ECO,27.40,47.00,0,1,0.000
ECO,27.30,47.00,0,1,0.000
ECO,27.40,47.00,0,0,0.001
ECO,27.20,47.00,0,0,0.000
ECO,27.50,47.00,0,0,0.000
CONFORT,27.80,47.00,0,0,0.570
NOAPTE,27.50,47.00,0,0,0.000
CONFORT,27.30,47.00,0,0,0.542
CONFORT,27.70,47.00,0,0,0.460
CONFORT,27.10,47.00,0,0,0.558
CONFORT,27.70,47.00,0,0,0.542
CONFORT,27.80,47.00,0,0,0.545
CONFORT,27.50,47.00,0,0,0.553
CONFORT,27.00,47.00,0,0,0.539
CONFORT,27.80,47.00,0,0,0.549
CONFORT,27.80,47.00,0,0,0.563
CONFORT,27.50,47.00,0,0,0.604
CONFORT,27.00,47.00,0,0,0.545
CONFORT,27.60,47.00,0,0,0.555
CONFORT,27.40,47.00,19,0,0.539
CONFORT,27.50,47.00,50,0,0.535
CONFORT,27.00,47.00,0,1,0.456
CONFORT,27.60,47.00,0,1,0.556
CONFORT,27.40,47.00,0,1,0.542
CONFORT,27.00,47.00,0,1,0.541
CONFORT,27.60,47.00,0,1,0.528
CONFORT,27.70,47.00,0,1,0.535
CONFORT,27.30,47.00,21,1,0.541
CONFORT,27.70,47.00,66,1,0.456
CONFORT,27.70,47.00,0,1,0.576
CONFORT,27.70,47.00,0,1,0.538
CONFORT,27.70,47.00,0,1,0.536
NOAPTE,27.20,47.00,0,1,0.001
CONFORT,27.60,47.00,0,1,0.547
CONFORT,27.80,47.00,0,1,0.564
CONFORT,27.30,47.00,0,1,0.549
CONFORT,27.80,47.00,0,1,0.544
CONFORT,27.40,47.00,0,0,0.558
CONFORT,27.60,47.00,0,0,0.558
CONFORT,27.90,47.00,0,0,0.573
CONFORT,27.00,47.00,0,0,0.587
CONFORT,27.90,47.00,0,0,0.557
CONFORT,27.50,47.00,0,0,0.546
CONFORT,27.40,47.00,0,0,0.451
CONFORT,27.90,47.00,0,0,0.553
CONFORT,27.60,47.00,0,0,0.547
CONFORT,27.30,47.00,0,0,0.465
CONFORT,27.10,47.00,0,0,0.549
CONFORT,27.70,47.00,0,0,0.575
CONFORT,27.70,47.00,0,0,0.541
CONFORT,27.40,47.00,0,0,0.563
CONFORT,27.50,47.00,0,0,0.542
CONFORT,27.90,47.00,0,0,0.547
CONFORT,27.00,47.00,0,0,0.549
CONFORT,27.10,47.00,0,0,0.544
CONFORT,27.40,47.00,0,0,0.556
CONFORT,27.40,47.00,0,0,0.549
CONFORT,27.60,47.00,0,0,0.559
CONFORT,27.40,47.00,0,0,0.441
CONFORT,27.50,47.00,0,0,0.549
CONFORT,27.90,47.00,0,0,0.549
CONFORT,27.00,47.00,0,0,0.568
CONFORT,27.00,47.00,0,0,0.461
CONFORT,27.90,48.00,0,0,0.549
CONFORT,27.90,48.00,0,0,0.546
CONFORT,27.90,48.00,0,0,0.448
CONFORT,27.00,48.00,0,0,0.577
CONFORT,27.60,48.00,0,0,0.548
CONFORT,27.80,48.00,0,0,0.556
CONFORT,27.90,48.00,0,0,0.453
CONFORT,27.80,48.00,0,0,0.558
CONFORT,27.00,48.00,0,0,0.546
CONFORT,27.60,48.00,0,0,0.543
CONFORT,27.90,48.00,0,0,0.552
CONFORT,27.00,48.00,0,0,0.466
CONFORT,27.90,48.00,0,0,0.589
CONFORT,27.80,48.00,0,0,0.545
CONFORT,27.60,48.00,0,0,0.551
CONFORT,27.90,48.00,0,0,0.451
NOAPTE,27.60,48.00,0,0,0.572
NOAPTE,27.90,48.00,0,0,0.557
NOAPTE,27.10,48.00,0,0,0.000
NOAPTE,27.60,48.00,0,0,0.576
NOAPTE,27.90,48.00,0,0,0.575
NOAPTE,27.50,48.00,0,0,0.002
NOAPTE,27.10,48.00,0,0,0.000
NOAPTE,27.00,48.00,0,0,0.000
NOAPTE,27.00,48.00,0,0,0.000
NOAPTE,27.50,48.00,0,0,0.000
NOAPTE,27.00,48.00,0,0,0.000
ECO,27.50,48.00,0,0,0.000
ECO,27.10,48.00,0,0,0.001
ECO,27.30,48.00,0,0,0.000
ECO,27.40,48.00,0,1,0.000
ECO,27.60,48.00,0,1,0.000
ECO,27.90,48.00,2,1,0.000
ECO,27.90,48.00,0,1,0.000
ECO,27.80,48.00,0,1,0.000
ECO,27.20,48.00,7,1,0.000
ECO,27.50,48.00,0,1,0.000
ECO,27.60,49.00,0,1,0.000
CONFORT,27.20,49.00,0,1,0.565
CONFORT,27.60,49.00,0,1,0.543
CONFORT,27.30,49.00,0,1,0.555
CONFORT,27.30,49.00,0,1,0.561
CONFORT,27.70,49.00,0,1,0.533
CONFORT,27.30,48.00,0,1,0.542
CONFORT,27.00,48.00,0,1,0.601
CONFORT,27.00,48.00,0,1,0.454
ECO,27.80,48.00,36,1,0.000
ECO,27.30,49.00,51,1,0.000
ECO,27.20,48.00,58,1,0.000
ECO,27.70,49.00,53,1,0.000
ECO,27.50,48.00,54,1,0.001
ECO,27.30,48.00,59,1,0.000
ECO,27.50,48.00,94,1,0.000
ECO,27.80,48.00,57,1,0.000
ECO,27.10,48.00,55,1,0.000
ECO,27.80,48.00,58,1,0.000
ECO,27.00,48.00,56,1,0.000
ECO,27.50,48.00,52,1,0.000
ECO,27.10,48.00,55,1,0.001
ECO,27.00,48.00,55,1,0.000
ECO,27.80,48.00,57,1,0.000
ECO,27.00,48.00,56,1,0.000
ECO,27.50,48.00,56,1,0.000
ECO,27.20,48.00,55,1,0.000
ECO,27.10,48.00,58,1,0.000
ECO,27.50,48.00,48,1,0.000
ECO,27.70,48.00,48,1,0.000
ECO,27.70,48.00,48,1,0.000
ECO,27.40,48.00,52,1,0.000
ECO,27.80,48.00,43,1,0.000
ECO,27.00,48.00,47,1,0.000
ECO,27.10,48.00,47,1,0.000
ECO,27.60,48.00,44,1,0.000
ECO,27.50,48.00,50,1,0.000
ECO,27.00,48.00,47,1,0.000
ECO,27.60,48.00,43,1,0.000
ECO,27.20,48.00,52,1,0.000
ECO,27.40,48.00,44,1,0.000
ECO,27.40,48.00,51,1,0.000
ECO,27.50,48.00,47,1,0.000
ECO,27.00,48.00,0,0,0.000
ECO,27.40,48.00,0,0,0.000
ECO,27.00,48.00,0,0,0.000
ECO,27.20,48.00,0,0,0.000
ECO,27.10,48.00,0,0,0.000
ECO,27.10,48.00,0,0,0.000
ECO,27.40,48.00,43,1,0.000
ECO,27.00,48.00,47,1,0.000
ECO,27.60,48.00,43,1,0.000
CONFORT,27.00,48.00,27,1,0.546
CONFORT,27.80,48.00,34,1,0.561
NOAPTE,27.90,48.00,0,1,0.454
NOAPTE,27.80,48.00,0,1,0.437
NOAPTE,27.20,48.00,0,1,0.000
NOAPTE,27.30,48.00,0,1,0.000
NOAPTE,27.70,48.00,0,1,0.544
NOAPTE,27.00,48.00,0,1,0.000
NOAPTE,27.60,48.00,0,1,0.525
NOAPTE,27.90,51.00,0,1,0.558
NOAPTE,27.30,63.00,0,1,0.000
NOAPTE,27.70,64.00,0,1,0.532
NOAPTE,27.40,60.00,64,1,0.000
NOAPTE,27.20,57.00,0,1,0.000
NOAPTE,27.10,56.00,0,1,0.000
NOAPTE,27.50,55.00,0,1,0.000
NOAPTE,27.20,54.00,0,1,0.000
ECO,28.50,52.00,0,1,0.000
ECO,28.10,52.00,0,1,0.000
ECO,28.90,52.00,0,1,0.000
ECO,28.60,52.00,0,1,0.000
ECO,28.50,52.00,0,1,0.000
ECO,28.60,52.00,0,1,0.000
ECO,28.80,52.00,0,1,0.000
ECO,28.50,52.00,0,1,0.000
ECO,28.40,51.00,0,1,0.000
ECO,28.10,51.00,0,1,0.000
ECO,28.50,51.00,0,1,0.000
ECO,28.50,51.00,0,1,0.000
ECO,28.60,51.00,0,0,0.541
ECO,28.20,51.00,0,0,0.550
ECO,28.70,51.00,0,0,0.578
ECO,28.30,51.00,0,1,0.562
ECO,28.60,51.00,0,1,0.542
ECO,28.50,51.00,0,1,0.530
ECO,28.00,51.00,0,1,0.000
ECO,28.60,51.00,0,1,0.450
ECO,28.40,51.00,0,1,0.582
ECO,28.20,50.00,0,1,0.531
ECO,28.20,50.00,0,1,0.524
ECO,28.70,50.00,0,1,0.468
ECO,28.70,50.00,0,1,0.545
ECO,28.90,50.00,0,1,0.541
ECO,28.00,50.00,0,1,0.000
ECO,28.70,50.00,0,1,0.534
ECO,28.90,50.00,0,1,0.552
ECO,29.30,49.00,0,1,0.557
ECO,29.70,49.00,0,0,0.540
ECO,29.70,49.00,0,0,0.536
ECO,29.00,49.00,0,1,0.567
ECO,29.20,49.00,0,1,0.455
ECO,29.80,49.00,0,1,0.554
ECO,29.20,49.00,0,1,0.563
ECO,29.40,49.00,0,1,0.529
ECO,29.70,49.00,0,1,0.528
ECO,29.60,48.00,0,1,0.436
ECO,29.00,48.00,0,1,0.532
ECO,29.60,48.00,0,1,0.540
ECO,29.90,49.00,0,1,0.539
ECO,29.30,48.00,0,1,0.532
ECO,29.30,48.00,0,1,0.469
ECO,29.90,45.00,0,1,0.571
ECO,29.50,45.00,0,1,0.463
ECO,29.20,45.00,0,1,0.559
ECO,29.10,45.00,0,1,0.596
ECO,29.70,45.00,0,1,0.439
CONFORT,29.70,45.00,0,1,0.588
CONFORT,29.30,45.00,0,0,0.531
CONFORT,29.10,45.00,0,0,0.539
CONFORT,29.80,45.00,0,0,0.561
CONFORT,29.20,45.00,0,1,0.524
CONFORT,29.50,44.00,0,1,0.549
CONFORT,29.70,44.00,0,1,0.531
CONFORT,29.70,44.00,0,1,0.555
CONFORT,29.90,44.00,0,1,0.520
CONFORT,29.60,44.00,0,1,0.528
NOAPTE,29.50,44.00,0,1,0.532
NOAPTE,29.60,44.00,0,1,0.560
NOAPTE,29.40,44.00,0,1,0.452
NOAPTE,29.40,44.00,0,1,0.434
NOAPTE,29.60,44.00,0,1,0.532
NOAPTE,29.40,44.00,0,1,0.527
NOAPTE,29.20,44.00,0,1,0.545
NOAPTE,29.10,44.00,0,1,0.540
NOAPTE,29.90,44.00,0,1,0.546
NOAPTE,29.50,44.00,0,0,0.437
NOAPTE,29.50,44.00,0,0,0.570
NOAPTE,29.30,44.00,0,0,0.538
NOAPTE,29.30,44.00,0,1,0.532
NOAPTE,29.90,44.00,0,1,0.540
NOAPTE,29.70,44.00,0,1,0.537
NOAPTE,29.80,44.00,0,1,0.541
NOAPTE,29.30,44.00,0,1,0.563
NOAPTE,29.80,44.00,0,1,0.547
NOAPTE,29.10,44.00,0,1,0.534
NOAPTE,29.70,44.00,0,1,0.447
NOAPTE,29.20,44.00,0,1,0.538
CONFORT,29.30,44.00,0,1,0.596
CONFORT,29.50,44.00,0,1,0.536
CONFORT,29.50,44.00,0,1,0.537
CONFORT,29.10,44.00,0,1,0.553
CONFORT,29.70,44.00,0,1,0.565
CONFORT,29.70,44.00,0,1,0.548
CONFORT,29.20,44.00,0,1,0.532
CONFORT,29.40,44.00,0,1,0.561
CONFORT,29.40,44.00,0,1,0.543
CONFORT,29.00,44.00,0,1,0.532
CONFORT,29.20,44.00,0,1,0.509
CONFORT,29.80,44.00,0,1,0.436
CONFORT,29.00,44.00,0,1,0.468
CONFORT,29.80,44.00,0,1,0.551
CONFORT,29.70,44.00,0,1,0.530
CONFORT,29.50,44.00,282,1,0.446
CONFORT,29.80,44.00,323,1,0.449
CONFORT,29.80,44.00,264,1,0.454
CONFORT,29.80,44.00,257,1,0.538
CONFORT,29.90,44.00,0,1,0.450
CONFORT,29.60,44.00,0,1,0.527
CONFORT,29.80,44.00,0,1,0.564
CONFORT,29.90,44.00,0,0,0.535
CONFORT,29.30,44.00,0,1,0.537
CONFORT,29.00,44.00,0,1,0.445
CONFORT,29.70,44.00,0,1,0.503
CONFORT,29.30,44.00,0,1,0.592
CONFORT,29.40,44.00,0,1,0.537
CONFORT,29.90,44.00,0,1,0.537
CONFORT,29.90,44.00,0,1,0.527
CONFORT,29.60,44.00,0,1,0.489
CONFORT,29.70,44.00,0,1,0.544
CONFORT,29.00,44.00,0,1,0.545
CONFORT,29.60,44.00,0,1,0.555
CONFORT,29.10,44.00,0,1,0.488
CONFORT,29.90,44.00,0,1,0.531
CONFORT,29.10,44.00,0,1,0.438
CONFORT,29.60,44.00,0,1,0.542
CONFORT,29.10,44.00,0,0,0.539
CONFORT,29.50,44.00,0,0,0.553
CONFORT,29.20,44.00,0,1,0.542
CONFORT,29.50,44.00,0,1,0.535
CONFORT,29.30,44.00,0,1,0.542
CONFORT,29.20,44.00,0,1,0.601
CONFORT,29.00,43.00,0,1,0.537
CONFORT,29.70,44.00,0,1,0.534
CONFORT,29.00,43.00,0,1,0.542
CONFORT,29.80,43.00,0,1,0.563
CONFORT,29.80,43.00,0,1,0.539
CONFORT,29.80,43.00,0,1,0.504
CONFORT,29.50,43.00,0,1,0.580
CONFORT,29.30,43.00,0,1,0.459
CONFORT,29.90,43.00,0,1,0.540
CONFORT,29.30,43.00,0,1,0.542
CONFORT,29.30,43.00,0,1,0.577
CONFORT,29.00,43.00,0,0,0.543
CONFORT,29.40,43.00,0,0,0.543
CONFORT,29.80,43.00,0,1,0.535
CONFORT,29.90,43.00,0,1,0.541
CONFORT,29.10,43.00,0,1,0.536
CONFORT,29.10,43.00,0,1,0.600
CONFORT,29.70,43.00,0,1,0.548
CONFORT,29.90,43.00,0,1,0.567
CONFORT,29.70,43.00,0,1,0.561
CONFORT,29.90,43.00,0,1,0.539
CONFORT,29.90,43.00,0,1,0.543
CONFORT,29.90,43.00,0,1,0.577
CONFORT,29.80,43.00,0,1,0.547
CONFORT,29.90,43.00,0,1,0.552
CONFORT,29.70,43.00,0,1,0.555
CONFORT,29.00,43.00,0,1,0.563
CONFORT,29.80,43.00,0,1,0.543
CONFORT,29.20,43.00,0,0,0.544
CONFORT,29.40,43.00,0,1,0.578
CONFORT,29.20,43.00,0,1,0.567
CONFORT,29.80,43.00,0,1,0.548
CONFORT,29.90,43.00,0,1,0.553
CONFORT,29.10,43.00,0,1,0.565
CONFORT,29.90,43.00,0,1,0.553
CONFORT,29.00,43.00,0,1,0.533
CONFORT,29.00,43.00,0,1,0.557
CONFORT,29.80,43.00,0,1,0.589
CONFORT,29.00,43.00,0,1,0.538
CONFORT,29.40,43.00,0,1,0.557
CONFORT,29.60,43.00,0,1,0.544
CONFORT,29.10,43.00,0,1,0.588
CONFORT,29.90,43.00,0,1,0.545
CONFORT,29.30,43.00,0,1,0.564
CONFORT,29.30,43.00,0,0,0.545
CONFORT,29.00,43.00,0,1,0.577
CONFORT,29.00,43.00,0,1,0.540
CONFORT,29.30,43.00,0,1,0.548
CONFORT,29.60,43.00,0,1,0.597
CONFORT,29.50,43.00,0,1,0.544
CONFORT,29.60,43.00,0,1,0.562
CONFORT,29.70,43.00,0,1,0.568
CONFORT,29.00,43.00,0,1,0.546
CONFORT,29.80,43.00,0,1,0.560
CONFORT,29.50,43.00,0,1,0.464
CONFORT,29.90,43.00,0,1,0.570
CONFORT,29.20,43.00,0,1,0.560
CONFORT,29.20,43.00,0,1,0.547
CONFORT,29.80,43.00,0,1,0.552
CONFORT,29.90,43.00,0,1,0.549
CONFORT,29.00,43.00,0,0,0.581
CONFORT,29.10,43.00,0,1,0.572
CONFORT,29.00,43.00,0,1,0.590
CONFORT,29.40,43.00,0,1,0.547
CONFORT,29.80,43.00,0,1,0.448
CONFORT,29.20,43.00,0,1,0.564
CONFORT,29.00,43.00,0,1,0.574
CONFORT,29.10,43.00,0,1,0.543
CONFORT,29.50,43.00,0,1,0.546
CONFORT,29.80,43.00,0,1,0.549
CONFORT,29.80,43.00,0,1,0.591
CONFORT,29.20,43.00,0,1,0.548
CONFORT,29.20,43.00,0,1,0.542
CONFORT,29.80,43.00,0,1,0.548
CONFORT,29.30,43.00,0,1,0.446
CONFORT,29.50,43.00,0,1,0.466
CONFORT,29.60,43.00,0,0,0.594
CONFORT,29.80,43.00,0,0,0.567
CONFORT,29.70,43.00,0,0,0.545
CONFORT,29.30,43.00,0,0,0.556
CONFORT,29.50,43.00,0,0,0.540
CONFORT,29.90,43.00,0,0,0.548
CONFORT,29.40,43.00,0,1,0.549
CONFORT,29.30,42.00,0,1,0.543
CONFORT,29.40,42.00,0,1,0.553
CONFORT,29.60,42.00,0,1,0.573
CONFORT,29.00,42.00,0,1,0.572
CONFORT,29.60,42.00,0,1,0.560
CONFORT,29.00,42.00,0,1,0.569
CONFORT,29.50,42.00,0,1,0.553
CONFORT,29.90,42.00,0,1,0.447
CONFORT,29.00,42.00,0,1,0.545
CONFORT,29.00,42.00,0,1,0.597
CONFORT,29.20,42.00,0,1,0.540
CONFORT,29.40,42.00,0,1,0.545
CONFORT,29.60,42.00,0,1,0.544
CONFORT,29.00,42.00,0,1,0.570
CONFORT,29.90,42.00,0,0,0.456
CONFORT,29.70,42.00,0,1,0.556
CONFORT,29.60,42.00,0,1,0.547
CONFORT,29.50,42.00,0,1,0.581
CONFORT,29.40,42.00,0,1,0.539
CONFORT,29.30,42.00,0,1,0.550
CONFORT,29.00,42.00,0,1,0.601
CONFORT,29.70,42.00,0,1,0.562
CONFORT,29.10,42.00,0,1,0.541
CONFORT,29.50,42.00,0,1,0.546
CONFORT,29.30,42.00,0,1,0.541
CONFORT,29.80,42.00,0,1,0.541
CONFORT,29.30,42.00,0,1,0.548
CONFORT,29.20,42.00,0,1,0.496
CONFORT,29.40,42.00,0,1,0.567
CONFORT,29.70,42.00,0,1,0.455
CONFORT,29.90,42.00,0,0,0.610
CONFORT,29.30,42.00,0,0,0.552
CONFORT,29.30,42.00,0,0,0.466
CONFORT,29.70,42.00,0,0,0.563
CONFORT,29.20,42.00,0,1,0.553
CONFORT,29.50,42.00,0,1,0.440
CONFORT,29.60,42.00,0,1,0.545
CONFORT,29.70,42.00,0,1,0.555
CONFORT,29.90,42.00,0,1,0.551
CONFORT,29.80,42.00,0,1,0.546
CONFORT,29.10,42.00,0,1,0.542
CONFORT,29.90,42.00,0,1,0.568
CONFORT,29.80,42.00,0,1,0.555
CONFORT,29.90,42.00,0,1,0.547
CONFORT,29.60,42.00,0,1,0.576
CONFORT,29.00,42.00,0,1,0.557
CONFORT,29.30,42.00,0,1,0.456
CONFORT,29.00,42.00,0,1,0.555
CONFORT,29.30,42.00,0,1,0.494
CONFORT,29.70,42.00,0,0,0.592
CONFORT,29.90,42.00,0,0,0.460
CONFORT,29.00,42.00,0,0,0.553
CONFORT,29.70,42.00,0,0,0.560
CONFORT,29.40,42.00,0,1,0.550
ECO,29.00,42.00,0,1,0.000
ECO,29.90,38.00,164,1,0.503
ECO,29.60,38.00,172,1,0.663
ECO,29.60,39.00,165,1,0.607
ECO,29.20,38.00,160,1,0.605
ECO,29.30,39.00,168,1,0.640
ECO,29.00,39.00,192,1,0.000
ECO,29.70,39.00,163,1,0.624
ECO,29.20,39.00,171,1,0.596
CONFORT,29.60,38.00,165,1,0.537
NOAPTE,29.00,38.00,138,1,0.602
NOAPTE,29.40,38.00,139,1,0.590
NOAPTE,29.60,38.00,132,1,0.607
NOAPTE,29.20,38.00,129,0,0.471
NOAPTE,29.20,38.00,132,1,0.619
NOAPTE,29.90,38.00,135,1,0.592
NOAPTE,29.20,38.00,130,1,0.621
NOAPTE,29.50,38.00,131,1,0.638
NOAPTE,29.60,38.00,137,1,0.603
NOAPTE,29.80,38.00,135,1,0.642
NOAPTE,29.70,38.00,133,1,0.494
NOAPTE,29.10,37.00,130,1,0.594
NOAPTE,29.70,37.00,131,1,0.595
NOAPTE,29.10,37.00,132,1,0.590
NOAPTE,29.20,37.00,128,1,0.649
NOAPTE,29.70,37.00,130,1,0.609
NOAPTE,29.40,37.00,133,1,0.582
NOAPTE,29.20,37.00,131,1,0.621
NOAPTE,29.90,37.00,134,1,0.628
ECO,29.20,37.00,146,1,0.626
ECO,29.90,37.00,165,1,0.656
ECO,29.30,37.00,160,1,0.591
ECO,29.40,37.00,164,1,0.616
ECO,29.30,37.00,164,1,0.583
ECO,29.80,37.00,156,1,0.589
ECO,29.40,37.00,158,1,0.599
ECO,29.90,37.00,157,1,0.603
ECO,29.20,37.00,156,1,0.633
ECO,29.70,37.00,159,1,0.630
ECO,29.20,37.00,152,1,0.621
ECO,29.20,37.00,158,1,0.609
ECO,29.90,37.00,149,1,0.604
ECO,29.90,37.00,157,1,0.617
ECO,29.20,37.00,153,1,0.633
ECO,29.80,37.00,153,1,0.480
ECO,29.90,37.00,154,1,0.607
ECO,30.90,36.00,154,1,0.655
ECO,30.20,36.00,158,1,0.589
ECO,30.40,36.00,158,1,0.604
ECO,30.60,36.00,155,1,0.514
ECO,30.70,36.00,156,1,0.616
ECO,30.50,36.00,154,1,0.610
ECO,30.40,36.00,147,1,0.609
ECO,30.50,36.00,152,1,0.612
ECO,30.10,36.00,153,1,0.640
ECO,30.30,36.00,160,1,0.631
ECO,30.10,36.00,166,1,0.588
ECO,30.30,36.00,162,1,0.587
ECO,30.90,36.00,161,1,0.590
ECO,30.10,36.00,159,1,0.609
ECO,30.60,36.00,122,0,0.551
ECO,30.90,36.00,128,0,0.484
ECO,30.40,36.00,128,0,0.611
ECO,30.90,36.00,127,0,0.592
ECO,30.80,36.00,119,0,0.602
ECO,30.00,35.00,121,0,0.593
ECO,30.20,35.00,160,1,0.585
ECO,30.10,35.00,164,1,0.573
ECO,30.00,35.00,167,1,0.594
ECO,30.20,34.00,90,1,0.577
ECO,30.30,34.00,117,1,0.522
CONFORT,30.30,34.00,86,1,0.616
NOAPTE,30.70,34.00,74,1,0.618
NOAPTE,30.70,34.00,98,1,0.633
NOAPTE,30.60,34.00,146,1,0.480
ECO,30.20,34.00,173,1,0.607
NOAPTE,30.20,34.00,148,1,0.548
ECO,30.50,34.00,183,1,0.640
ECO,30.30,34.00,181,1,0.639
ECO,30.20,34.00,156,0,0.521
ECO,30.10,34.00,152,0,0.680
ECO,30.20,34.00,188,1,0.618
ECO,30.10,35.00,179,1,0.547
ECO,30.50,35.00,174,1,0.587
ECO,30.00,35.00,188,1,0.532
ECO,30.30,36.00,160,1,0.620
ECO,30.70,35.00,138,1,0.603
ECO,30.90,35.00,156,1,0.626
ECO,30.10,35.00,172,1,0.597
ECO,30.10,35.00,174,1,0.598
ECO,30.30,35.00,176,1,0.593
ECO,30.40,35.00,172,1,0.588
ECO,30.70,36.00,173,1,0.590
ECO,30.40,35.00,176,1,0.620
ECO,30.50,35.00,174,1,0.597
CONFORT,30.00,35.00,163,1,0.540
NOAPTE,30.20,35.00,127,0,0.472
NOAPTE,30.60,35.00,131,1,0.622
NOAPTE,30.50,35.00,130,1,0.588
NOAPTE,30.20,35.00,140,1,0.545
NOAPTE,30.70,35.00,135,1,0.498
NOAPTE,30.20,35.00,141,1,0.598
NOAPTE,30.80,35.00,141,1,0.615
NOAPTE,30.00,35.00,138,1,0.627
NOAPTE,30.00,35.00,138,1,0.541
NOAPTE,30.70,35.00,148,1,0.595
NOAPTE,30.80,35.00,137,1,0.607
NOAPTE,30.90,35.00,140,1,0.585
NOAPTE,31.90,34.00,140,1,0.606
NOAPTE,31.40,34.00,148,1,0.629
NOAPTE,31.50,34.00,143,1,0.598
NOAPTE,31.90,34.00,133,1,0.611
NOAPTE,31.50,35.00,129,0,0.614
NOAPTE,31.40,35.00,137,0,0.594
NOAPTE,31.00,35.00,130,0,0.623
NOAPTE,31.40,35.00,134,0,0.618
NOAPTE,31.90,35.00,133,0,0.585
NOAPTE,31.00,35.00,128,0,0.599
NOAPTE,31.00,35.00,129,0,0.594
NOAPTE,31.40,35.00,130,0,0.635
NOAPTE,31.10,35.00,126,0,0.477
NOAPTE,31.30,35.00,121,0,0.594
NOAPTE,31.10,35.00,127,0,0.490
NOAPTE,31.90,35.00,127,0,0.637
NOAPTE,31.90,35.00,120,0,0.570
NOAPTE,31.10,35.00,113,0,0.585
NOAPTE,31.50,35.00,66,1,0.600
NOAPTE,31.90,36.00,71,1,0.612
NOAPTE,31.20,36.00,87,1,0.607
NOAPTE,31.50,36.00,88,1,0.596
NOAPTE,31.00,36.00,88,1,0.619
NOAPTE,31.40,36.00,99,1,0.587
NOAPTE,31.60,36.00,49,1,0.607
NOAPTE,31.40,36.00,83,1,0.558
NOAPTE,31.30,36.00,76,1,0.630
NOAPTE,31.80,36.00,90,1,0.638
NOAPTE,31.30,36.00,86,1,0.588
NOAPTE,31.60,36.00,98,1,0.597
NOAPTE,31.10,36.00,99,1,0.614
NOAPTE,31.70,36.00,0,1,0.600
NOAPTE,31.60,36.00,0,1,0.603
NOAPTE,31.50,36.00,73,0,0.614
NOAPTE,31.00,36.00,27,0,0.557
NOAPTE,31.60,36.00,0,0,0.612
NOAPTE,31.40,36.00,6,1,0.599
NOAPTE,31.60,36.00,40,1,0.596
NOAPTE,31.20,36.00,57,1,0.610
NOAPTE,31.40,36.00,95,1,0.644
NOAPTE,31.80,36.00,82,1,0.628
NOAPTE,31.90,36.00,80,1,0.595
NOAPTE,31.90,36.00,73,1,0.635
NOAPTE,31.70,36.00,102,1,0.633
NOAPTE,31.40,36.00,107,1,0.615
NOAPTE,31.90,36.00,105,1,0.618
NOAPTE,31.00,36.00,107,1,0.593
NOAPTE,31.10,36.00,102,1,0.543
NOAPTE,31.40,36.00,104,1,0.497
NOAPTE,31.80,36.00,101,1,0.599
NOAPTE,31.70,36.00,106,1,0.608
NOAPTE,31.70,36.00,102,0,0.553
NOAPTE,31.60,36.00,104,0,0.592
NOAPTE,31.40,37.00,114,0,0.480
NOAPTE,31.50,37.00,94,0,0.586
NOAPTE,31.90,37.00,114,0,0.593
NOAPTE,31.60,37.00,117,0,0.598
NOAPTE,31.20,37.00,119,0,0.637
NOAPTE,31.90,37.00,114,0,0.625
NOAPTE,31.40,37.00,120,0,0.593
NOAPTE,31.80,37.00,115,0,0.618
NOAPTE,31.60,37.00,114,0,0.493
NOAPTE,31.00,37.00,120,0,0.602
NOAPTE,31.90,37.00,121,0,0.593
NOAPTE,31.30,37.00,120,0,0.660
NOAPTE,31.60,37.00,126,0,0.494
NOAPTE,31.40,37.00,128,0,0.599
NOAPTE,31.50,36.00,122,0,0.500
NOAPTE,31.00,36.00,129,0,0.619
NOAPTE,31.20,36.00,126,1,0.548
NOAPTE,31.60,36.00,127,1,0.603
NOAPTE,31.40,35.00,74,1,0.616
NOAPTE,31.60,36.00,74,1,0.658
NOAPTE,31.30,36.00,20,1,0.604
NOAPTE,31.80,36.00,6,1,0.498
NOAPTE,31.60,36.00,22,1,0.658
NOAPTE,31.00,36.00,11,1,0.614
NOAPTE,31.90,36.00,11,1,0.599
NOAPTE,31.10,36.00,20,1,0.643
NOAPTE,31.40,35.00,25,1,0.609
NOAPTE,31.20,35.00,19,1,0.596
NOAPTE,31.10,35.00,51,1,0.594
NOAPTE,31.90,35.00,44,1,0.626
NOAPTE,31.30,35.00,48,1,0.618
NOAPTE,31.80,35.00,43,0,0.599
NOAPTE,31.10,35.00,45,0,0.652
NOAPTE,31.70,35.00,47,0,0.604
NOAPTE,31.60,35.00,43,0,0.619
NOAPTE,31.40,35.00,43,0,0.600
NOAPTE,31.40,35.00,19,0,0.628
NOAPTE,31.10,35.00,25,0,0.605
NOAPTE,31.80,35.00,20,0,0.644
NOAPTE,31.00,34.00,23,0,0.605
NOAPTE,31.00,34.00,22,0,0.612
NOAPTE,31.10,34.00,26,0,0.620
NOAPTE,31.10,34.00,36,0,0.656
NOAPTE,31.40,34.00,34,0,0.596
NOAPTE,31.50,34.00,32,0,0.594
NOAPTE,31.20,34.00,47,0,0.498
NOAPTE,31.60,34.00,41,0,0.601
NOAPTE,31.80,34.00,43,0,0.598
NOAPTE,31.30,34.00,40,0,0.618
NOAPTE,30.80,34.00,0,0,0.600
ECO,30.90,34.00,32,0,0.597
ECO,30.70,34.00,86,1,0.617
ECO,30.80,34.00,82,1,0.594
ECO,30.20,34.00,82,1,0.593
ECO,30.40,34.00,75,1,0.476
ECO,30.80,34.00,81,1,0.594
ECO,30.80,34.00,75,1,0.519
ECO,30.80,34.00,76,1,0.614
ECO,30.60,34.00,79,1,0.633
ECO,30.10,34.00,81,1,0.643
ECO,30.30,34.00,79,1,0.600
ECO,30.90,34.00,86,1,0.522
ECO,30.30,34.00,87,1,0.594
ECO,30.60,34.00,67,1,0.604
ECO,30.70,34.00,69,1,0.599
ECO,30.10,34.00,81,1,0.525
ECO,30.10,34.00,400,0,0.554
ECO,30.60,34.00,80,1,0.592
ECO,31.20,34.00,80,1,0.564
ECO,31.30,34.00,79,1,0.449
ECO,31.00,34.00,79,1,0.558
ECO,31.50,34.00,78,1,0.554
ECO,31.30,34.00,70,1,0.591
ECO,31.40,34.00,70,1,0.453
ECO,31.50,34.00,63,1,0.570
ECO,31.20,34.00,61,1,0.551
ECO,31.60,34.00,59,1,0.453
ECO,31.60,34.00,77,1,0.583
ECO,31.60,34.00,168,1,0.583
